INSERT INTO students VALUES ('123','Amy','Smith',3.9,1000);
INSERT INTO students VALUES ('234','Bob','Taylor',3.6,1500);
INSERT INTO students VALUES ('345','Craig','Davis',3.5,500);
INSERT INTO students VALUES ('456','Doris','Roberts',3.9,1000);
INSERT INTO students VALUES ('543','Craig','Wilder',3.4,2000);
INSERT INTO students VALUES ('567','Edward','Norton',2.9,2000);
INSERT INTO students VALUES ('654','Amy','Cooper',3.9,1000);
INSERT INTO students VALUES ('678','Fay','Laurence',3.8,200);
INSERT INTO students VALUES ('765','Jay','Farlong',2.9,1500);
INSERT INTO students VALUES ('789','Gary','Oldman',3.4,800);
INSERT INTO students VALUES ('876','Irene','Lopez',3.9,400);
INSERT INTO students VALUES ('987','Helen','Karlson',3.7,800);

INSERT INTO colleges VALUES ('Berkeley','CA',36000);
INSERT INTO colleges VALUES ('Cornell','NY',21000);
INSERT INTO colleges VALUES ('MIT','MA',10000);
INSERT INTO colleges VALUES ('Stanford','CA',15000);

INSERT INTO applies VALUES ('123','Berkeley','CS','1');
INSERT INTO applies VALUES ('123','Cornell','EE','1');
INSERT INTO applies VALUES ('123','Stanford','CS','1');
INSERT INTO applies VALUES ('123','Stanford','EE','0');
INSERT INTO applies VALUES ('234','Berkeley','biology','0');
INSERT INTO applies VALUES ('345','Cornell','bioengineering','0');
INSERT INTO applies VALUES ('345','Cornell','CS','1');
INSERT INTO applies VALUES ('345','Cornell','EE','0');
INSERT INTO applies VALUES ('345','MIT','bioengineering','1');
INSERT INTO applies VALUES ('543','MIT','CS','0');
INSERT INTO applies VALUES ('678','Stanford','history','1');
INSERT INTO applies VALUES ('765','Cornell','history','0');
INSERT INTO applies VALUES ('765','Cornell','psychology','1');
INSERT INTO applies VALUES ('765','Stanford','history','1');
INSERT INTO applies VALUES ('876','MIT','biology','1');
INSERT INTO applies VALUES ('876','MIT','marine biology','0');
INSERT INTO applies VALUES ('876','Stanford','CS','0');
INSERT INTO applies VALUES ('987','Berkeley','CS','1');
INSERT INTO applies VALUES ('987','Stanford','CS','1');